[
    {
        "id": "C001",
        "name": "Beras",
        "icon": "🌾",
        "category": "Pangan",
        "unit": "kg",
        "avgPrice": 14000,
        "change": 2.5
    },
    {
        "id": "C002",
        "name": "Jagung",
        "icon": "🌽",
        "category": "Pangan",
        "unit": "kg",
        "avgPrice": 6500,
        "change": -1.2
    },
    {
        "id": "C003",
        "name": "Kedelai",
        "icon": "🫘",
        "category": "Pangan",
        "unit": "kg",
        "avgPrice": 12000,
        "change": 3.8
    },
    {
        "id": "C004",
        "name": "Gula Pasir",
        "icon": "🧂",
        "category": "Pangan",
        "unit": "kg",
        "avgPrice": 17500,
        "change": 0.8
    },
    {
        "id": "C005",
        "name": "Minyak Goreng",
        "icon": "🫒",
        "category": "Pangan",
        "unit": "liter",
        "avgPrice": 18000,
        "change": -2.5
    },
    {
        "id": "C006",
        "name": "Tepung Terigu",
        "icon": "🌾",
        "category": "Pangan",
        "unit": "kg",
        "avgPrice": 12500,
        "change": 1.2
    },
    {
        "id": "C007",
        "name": "Cabai Merah",
        "icon": "🌶️",
        "category": "Bumbu",
        "unit": "kg",
        "avgPrice": 45000,
        "change": 15.5
    },
    {
        "id": "C008",
        "name": "Bawang Merah",
        "icon": "🧅",
        "category": "Bumbu",
        "unit": "kg",
        "avgPrice": 38000,
        "change": 8.2
    },
    {
        "id": "C009",
        "name": "Bawang Putih",
        "icon": "🧄",
        "category": "Bumbu",
        "unit": "kg",
        "avgPrice": 32000,
        "change": -3.5
    },
    {
        "id": "C010",
        "name": "Telur Ayam",
        "icon": "🥚",
        "category": "Protein",
        "unit": "kg",
        "avgPrice": 28000,
        "change": 1.8
    }
]