[
    {
        "name": "Beras",
        "symbol": "RICE",
        "priceUSD": 0.48,
        "unit": "kg",
        "category": "Pangan"
    },
    {
        "name": "Gandum",
        "symbol": "WHEAT",
        "priceUSD": 0.25,
        "unit": "kg",
        "category": "Pangan"
    },
    {
        "name": "Jagung",
        "symbol": "CORN",
        "priceUSD": 0.18,
        "unit": "kg",
        "category": "Pangan"
    },
    {
        "name": "Kedelai",
        "symbol": "SOYBEAN",
        "priceUSD": 0.42,
        "unit": "kg",
        "category": "Pangan"
    },
    {
        "name": "Gula",
        "symbol": "SUGAR",
        "priceUSD": 0.52,
        "unit": "kg",
        "category": "Pangan"
    },
    {
        "name": "Kopi Arabika",
        "symbol": "COFFEE",
        "priceUSD": 5.80,
        "unit": "kg",
        "category": "Perkebunan"
    },
    {
        "name": "Kakao",
        "symbol": "COCOA",
        "priceUSD": 3.20,
        "unit": "kg",
        "category": "Perkebunan"
    },
    {
        "name": "Minyak Sawit",
        "symbol": "PALM_OIL",
        "priceUSD": 0.85,
        "unit": "liter",
        "category": "Perkebunan"
    },
    {
        "name": "Karet",
        "symbol": "RUBBER",
        "priceUSD": 1.45,
        "unit": "kg",
        "category": "Perkebunan"
    },
    {
        "name": "Kelapa",
        "symbol": "COCONUT",
        "priceUSD": 0.35,
        "unit": "kg",
        "category": "Perkebunan"
    }
]